sourceID,framesetID,RA,Dec,distance
515420693711,515396075535,268.254083,-21.1836738,0.09690239999999999
515448267969,515396075552,265.7841162,-23.4494454,0.1692604
515474153961,515396075569,269.33716769999995,-25.2408204,0.0805177
515405209470,515396075526,268.41276239999996,-20.0239546,0.1427
515438536434,515396075546,265.0109514,-23.293163,0.10427470000000001
515420419741,515396075535,267.9755277,-21.4518289,0.2061464
515404832522,515396075526,268.04491290000004,-20.3434113,0.08340349999999999
515445321879,515396075550,268.65587450000004,-23.1710139,0.1306951
515420552818,515396075535,268.3821465,-21.4791267,0.0729918
